{"main":"american-flights-api.raml","name":"American Flights API","organizationId":"1b5ae4e7-a945-4508-9306-b321d259e116","groupId":"1b5ae4e7-a945-4508-9306-b321d259e116","assetId":"american-flights-api","version":"1.0.2","metadata":{"branchId":"master","commitId":"d5b6d75aae2144c884bd9bb39e402116062e9dcd","projectId":"c2de2cf5-7187-4eb0-9400-80f3d8fcf16e"},"apiVersion":"v1","classifier":"raml","dependencies":[{"assetId":"training-american-flight-data-type","groupId":"68ef9520-24e9-4cf2-b2f5-620025690913","version":"1.0.1"},{"assetId":"training-american-flights-example","groupId":"68ef9520-24e9-4cf2-b2f5-620025690913","version":"1.0.1"}],"tags":[],"originalFormatVersion":"1.0"}